customerID,gender,SeniorCitizen,tenure,PhoneService,InternetService,MonthlyCharges,TotalCharges,Churn
CUST00001,Female,1,21,Yes,DSL,77.93,1677.18,No
CUST00002,Male,0,10,No,No,72.24,680.61,Yes
CUST00003,Male,0,6,No,Fiber optic,83.4,500.81,No
CUST00004,Female,0,23,Yes,Fiber optic,76.49,1776.68,No
CUST00005,Female,0,2,No,DSL,105.57,194.09,Yes
CUST00006,Female,1,0,Yes,Fiber optic,106.19,,Yes
CUST00007,Female,1,6,No,Fiber optic,66.09,364.37,No
CUST00008,Male,0,15,Yes,DSL,39.58,608.31,No
CUST00009,Female,1,7,No,Fiber optic,82.12,598.62,Yes
CUST00010,Male,0,7,Yes,DSL,66.57,437.71,No
CUST00011,Male,0,8,Yes,Fiber optic,62.33,467.19,No
CUST00012,Female,0,13,No,DSL,64.58,844.69,No
CUST00013,Female,0,6,Yes,DSL,83.78,476.05,No
CUST00014,Male,0,15,Yes,Fiber optic,48.9,632.91,No
CUST00015,Female,0,1,Yes,Fiber optic,107.15,112.54,No
CUST00016,Female,0,70,Yes,DSL,60.83,4209.8,No
CUST00017,Female,0,11,No,DSL,72.4,739.35,Yes
CUST00018,Male,0,65,Yes,Fiber optic,42.23,3000.77,No
CUST00019,Female,1,28,Yes,Fiber optic,58.55,1501.72,Yes
CUST00020,Male,0,63,No,Fiber optic,34.87,2482.27,Yes
CUST00021,Female,0,46,No,DSL,76.42,3061.28,No
CUST00022,Male,1,6,Yes,Fiber optic,87.87,500.46,No
CUST00023,Female,0,9,Yes,Fiber optic,89.82,829.04,Yes
CUST00024,Male,0,40,No,Fiber optic,47.9,2011.77,No
CUST00025,Male,0,0,No,No,99.74,,Yes
CUST00026,Female,0,7,No,DSL,109.1,816.22,No
CUST00027,Female,1,0,Yes,Fiber optic,82.36,,Yes
CUST00028,Male,0,6,Yes,No,99.25,565.58,No
CUST00029,Female,0,13,Yes,Fiber optic,68.5,991.51,Yes
CUST00030,Female,0,45,Yes,Fiber optic,72.78,3678.0,Yes
CUST00031,Male,0,50,No,Fiber optic,44.73,2360.75,Yes
CUST00032,Female,1,67,No,No,59.48,4290.33,Yes
CUST00033,Male,1,6,Yes,Fiber optic,94.54,517.31,Yes
CUST00034,Male,0,1,No,DSL,63.97,56.83,No
CUST00035,Male,1,72,Yes,DSL,50.59,3689.81,No
CUST00036,Female,1,59,No,DSL,98.28,5303.81,No
CUST00037,Male,0,25,No,Fiber optic,44.61,1247.0,Yes
CUST00038,Male,0,63,No,Fiber optic,57.46,4194.4,No
CUST00039,Female,0,15,Yes,No,24.01,258.06,No
CUST00040,Female,0,43,No,DSL,49.28,2247.01,No
CUST00041,Female,0,32,No,DSL,47.63,,No
CUST00042,Female,0,7,Yes,Fiber optic,77.35,530.5,Yes
CUST00043,Male,0,19,No,No,26.14,356.69,No
CUST00044,Female,0,72,Yes,DSL,21.28,1541.25,No
CUST00045,Female,0,63,No,Fiber optic,37.81,2006.43,No
CUST00046,Male,1,12,No,Fiber optic,24.45,373.31,Yes
CUST00047,Female,0,35,No,Fiber optic,27.28,746.99,Yes
CUST00048,Male,0,50,Yes,DSL,72.16,3988.62,No
CUST00049,Male,1,0,No,DSL,95.95,,Yes
CUST00050,Male,0,33,Yes,Fiber optic,27.26,746.47,No
CUST00051,Male,0,35,Yes,DSL,73.33,2375.28,No
CUST00052,Female,0,29,No,Fiber optic,64.89,1974.21,Yes
CUST00053,Female,0,12,Yes,DSL,25.56,369.42,No
CUST00054,Female,0,41,Yes,No,45.62,1967.73,No
CUST00055,Female,1,69,No,No,83.75,5733.36,No
CUST00056,Male,0,12,Yes,Fiber optic,91.31,1134.77,No
CUST00057,Female,0,38,No,No,21.72,883.11,No
CUST00058,Male,0,11,Yes,Fiber optic,104.42,1105.69,No
CUST00059,Female,0,11,No,DSL,93.9,1100.13,No
CUST00060,Male,1,38,No,DSL,23.53,,No
CUST00061,Female,0,3,No,DSL,69.83,194.09,No
CUST00062,Female,0,46,Yes,Fiber optic,53.87,2142.96,No
CUST00063,Female,0,5,No,Fiber optic,83.79,461.7,No
CUST00064,Male,0,56,Yes,No,91.0,4945.47,No
CUST00065,Male,0,31,Yes,Fiber optic,50.58,,Yes
CUST00066,Male,0,32,No,DSL,76.93,2415.16,No
CUST00067,Female,0,47,Yes,No,46.23,2572.74,No
CUST00068,Female,0,7,Yes,DSL,65.22,495.04,No
CUST00069,Male,0,64,Yes,Fiber optic,63.41,4394.41,No
CUST00070,Male,0,28,Yes,DSL,42.66,1409.36,No
CUST00071,Male,1,24,No,Fiber optic,79.59,1941.19,Yes
CUST00072,Male,0,25,Yes,DSL,43.19,912.1,No
CUST00073,Male,0,67,No,Fiber optic,60.72,4098.67,No
CUST00074,Female,0,20,Yes,DSL,86.89,1843.08,No
CUST00075,Female,0,53,No,Fiber optic,51.99,2593.65,No
CUST00076,Female,0,16,Yes,DSL,31.8,379.3,No
CUST00077,Female,0,69,Yes,No,24.54,1014.06,No
CUST00078,Female,0,0,Yes,Fiber optic,76.25,,No
CUST00079,Female,1,5,No,No,70.11,354.04,No
CUST00080,Female,0,35,Yes,DSL,80.23,2759.46,No
CUST00081,Male,1,0,No,DSL,64.65,,No
CUST00082,Female,1,8,Yes,Fiber optic,86.51,704.3,Yes
CUST00083,Female,0,6,No,DSL,69.53,401.7,No
CUST00084,Male,0,7,No,DSL,92.88,679.67,Yes
CUST00085,Male,0,32,Yes,No,33.56,1265.18,No
CUST00086,Male,0,5,Yes,DSL,103.1,546.59,Yes
CUST00087,Male,0,13,Yes,DSL,94.9,1319.81,No
CUST00088,Male,0,2,Yes,Fiber optic,64.72,138.17,No
CUST00089,Male,0,53,Yes,DSL,33.49,1586.33,No
CUST00090,Male,0,7,Yes,Fiber optic,89.42,,No
CUST00091,Female,0,66,Yes,DSL,81.82,5449.2,No
CUST00092,Female,0,71,Yes,Fiber optic,85.2,5757.08,No
CUST00093,Female,0,9,Yes,Fiber optic,83.52,814.67,Yes
CUST00094,Female,0,16,No,Fiber optic,89.91,1560.43,Yes
CUST00095,Male,0,32,No,No,54.21,1848.46,No
CUST00096,Male,1,8,No,DSL,109.61,,Yes
CUST00097,Male,0,47,Yes,DSL,39.76,1471.3,No
CUST00098,Female,0,35,Yes,Fiber optic,27.23,1235.45,No
CUST00099,Female,0,39,No,Fiber optic,52.52,1780.17,No
CUST00100,Male,1,42,Yes,DSL,88.83,3524.96,No
CUST00101,Female,1,1,No,Fiber optic,71.16,80.1,Yes
CUST00102,Male,1,12,No,DSL,37.93,431.62,No
CUST00103,Male,1,0,No,No,76.23,,Yes
CUST00104,Male,0,29,No,DSL,22.58,714.28,No
CUST00105,Male,0,2,No,DSL,65.84,118.84,No
CUST00106,Male,0,3,No,DSL,62.4,162.23,No
CUST00107,Female,0,8,Yes,Fiber optic,105.85,817.39,Yes
CUST00108,Male,0,66,No,Fiber optic,50.88,3320.37,Yes
CUST00109,Male,0,3,No,DSL,96.19,314.93,Yes
CUST00110,Male,0,11,No,Fiber optic,91.14,1013.07,Yes
CUST00111,Male,0,28,No,Fiber optic,58.37,1760.9,No
CUST00112,Female,0,2,No,No,87.98,173.02,No
CUST00113,Female,0,7,No,DSL,88.95,553.6,Yes
CUST00114,Male,0,29,No,DSL,51.14,1243.11,No
CUST00115,Male,1,31,No,DSL,61.57,1940.07,No
CUST00116,Male,1,1,No,DSL,69.62,70.45,No
CUST00117,Female,0,32,Yes,DSL,77.14,2448.25,No
CUST00118,Male,0,40,No,Fiber optic,85.83,3752.56,No
CUST00119,Female,0,12,No,Fiber optic,67.81,764.63,No
CUST00120,Male,0,8,Yes,Fiber optic,60.5,510.76,Yes
CUST00121,Female,1,69,No,Fiber optic,76.36,5169.69,No
CUST00122,Male,0,47,No,Fiber optic,88.25,4021.98,No
CUST00123,Female,1,3,No,Fiber optic,85.73,279.26,No
CUST00124,Male,0,2,Yes,Fiber optic,98.62,194.93,Yes
CUST00125,Male,0,13,Yes,No,61.47,696.25,No
CUST00126,Male,0,43,No,No,76.59,3398.07,No
CUST00127,Male,0,30,Yes,DSL,52.49,1645.3,No
CUST00128,Female,0,31,Yes,Fiber optic,51.68,1816.0,No
CUST00129,Male,1,18,No,No,36.2,799.59,No
CUST00130,Male,1,63,No,DSL,78.45,4316.9,No
CUST00131,Male,0,12,No,Fiber optic,44.49,417.16,No
CUST00132,Male,0,7,Yes,Fiber optic,93.05,621.63,No
CUST00133,Female,0,45,No,No,92.11,4165.23,No
CUST00134,Male,0,5,No,DSL,103.28,511.67,No
CUST00135,Male,0,6,Yes,No,103.66,677.32,Yes
CUST00136,Male,0,12,No,Fiber optic,21.27,278.33,Yes
CUST00137,Female,0,24,No,Fiber optic,45.99,1331.67,No
CUST00138,Female,0,53,Yes,No,34.4,1470.22,No
CUST00139,Female,0,14,Yes,Fiber optic,52.67,679.04,No
CUST00140,Female,0,26,No,Fiber optic,70.65,1699.03,No
CUST00141,Male,0,23,Yes,DSL,97.82,,No
CUST00142,Female,0,5,No,DSL,97.46,507.21,Yes
CUST00143,Female,0,22,Yes,Fiber optic,89.6,2075.61,Yes
CUST00144,Female,0,6,Yes,Fiber optic,78.79,459.28,No
CUST00145,Female,0,18,Yes,Fiber optic,57.67,1077.93,No
CUST00146,Female,0,6,No,DSL,104.49,582.64,Yes
CUST00147,Female,0,4,No,No,61.95,217.17,No
CUST00148,Female,1,26,No,Fiber optic,96.04,2564.39,No
CUST00149,Female,0,58,No,DSL,77.98,4950.67,No
CUST00150,Male,0,38,Yes,Fiber optic,31.65,934.35,No
CUST00151,Male,0,10,No,No,91.74,943.3,Yes
CUST00152,Female,1,66,Yes,Fiber optic,37.6,2770.8,No
CUST00153,Female,1,72,Yes,DSL,48.59,,No
CUST00154,Male,0,10,Yes,Fiber optic,97.35,934.66,No
CUST00155,Female,0,58,Yes,No,35.95,1767.08,No
CUST00156,Male,0,32,No,DSL,83.76,2764.92,No
CUST00157,Male,0,2,No,Fiber optic,62.92,137.05,No
CUST00158,Male,1,30,Yes,Fiber optic,67.18,2015.49,No
CUST00159,Female,0,56,No,No,64.96,3754.32,No
CUST00160,Female,1,47,Yes,DSL,72.98,3573.7,No
CUST00161,Male,0,68,Yes,Fiber optic,80.79,6032.74,Yes
CUST00162,Male,0,0,Yes,Fiber optic,99.18,,Yes
CUST00163,Male,0,10,No,Fiber optic,85.62,805.02,No
CUST00164,Female,0,45,Yes,DSL,52.03,2589.96,No
CUST00165,Male,0,65,No,DSL,35.04,2099.67,No
CUST00166,Female,1,36,Yes,Fiber optic,96.15,3243.34,Yes
CUST00167,Female,0,71,No,DSL,32.15,2088.32,No
CUST00168,Male,0,23,Yes,No,69.12,1760.52,No
CUST00169,Male,0,21,No,No,43.64,1007.04,No
CUST00170,Male,0,11,No,Fiber optic,107.81,1154.56,Yes
CUST00171,Male,0,47,Yes,No,62.21,2885.16,No
CUST00172,Female,0,2,Yes,Fiber optic,102.34,190.85,No
CUST00173,Male,0,16,Yes,DSL,75.35,1226.05,No
CUST00174,Male,0,41,Yes,Fiber optic,38.44,1969.77,No
CUST00175,Male,0,4,Yes,DSL,73.84,,No
CUST00176,Male,0,23,No,DSL,28.45,584.22,No
CUST00177,Male,1,12,No,DSL,64.85,690.45,No
CUST00178,Male,0,8,Yes,Fiber optic,78.87,599.54,No
CUST00179,Male,0,8,No,Fiber optic,66.57,,No
CUST00180,Female,0,26,No,No,27.94,849.42,No
CUST00181,Female,0,8,No,DSL,69.07,502.73,No
CUST00182,Female,0,32,No,DSL,42.76,1274.57,No
CUST00183,Female,0,10,No,DSL,71.5,655.1,No
CUST00184,Male,0,11,Yes,Fiber optic,93.91,1030.57,Yes
CUST00185,Male,0,12,Yes,Fiber optic,73.5,979.99,No
CUST00186,Female,0,43,No,Fiber optic,25.06,1269.64,Yes
CUST00187,Male,0,21,No,Fiber optic,87.87,1986.45,Yes
CUST00188,Male,1,16,Yes,DSL,60.2,989.93,No
CUST00189,Male,0,71,No,DSL,97.42,6896.87,No
CUST00190,Female,1,61,Yes,DSL,67.17,4609.87,No
CUST00191,Female,0,33,Yes,Fiber optic,85.79,3039.73,No
CUST00192,Female,0,7,Yes,DSL,107.62,804.59,Yes
CUST00193,Female,0,27,No,Fiber optic,60.91,1560.71,Yes
CUST00194,Male,0,51,Yes,DSL,20.73,1110.38,No
CUST00195,Female,0,45,No,DSL,78.45,3772.38,No
CUST00196,Female,0,21,Yes,Fiber optic,56.02,1096.88,Yes
CUST00197,Male,0,2,Yes,Fiber optic,106.79,218.38,Yes
CUST00198,Female,0,55,Yes,No,55.05,3373.02,No
CUST00199,Male,0,9,No,Fiber optic,92.3,918.86,Yes
CUST00200,Female,0,7,Yes,No,61.57,369.29,No
CUST00201,Female,0,46,Yes,Fiber optic,91.14,4022.28,No
CUST00202,Female,0,52,No,Fiber optic,40.11,2419.08,No
CUST00203,Male,0,44,No,DSL,94.24,4523.91,No
CUST00204,Female,0,31,No,Fiber optic,26.77,606.51,Yes
CUST00205,Female,0,43,Yes,Fiber optic,30.12,1217.74,No
CUST00206,Male,0,34,Yes,Fiber optic,25.23,878.87,Yes
CUST00207,Male,0,14,Yes,Fiber optic,64.42,768.04,No
CUST00208,Male,0,8,Yes,DSL,80.27,627.64,Yes
CUST00209,Male,0,19,Yes,DSL,73.98,1349.45,No
CUST00210,Female,0,5,No,DSL,87.49,416.68,No
CUST00211,Male,0,6,Yes,Fiber optic,95.26,531.0,No
CUST00212,Female,0,43,Yes,No,28.66,1168.82,No
CUST00213,Female,0,7,Yes,DSL,83.51,628.73,Yes
CUST00214,Female,0,35,Yes,Fiber optic,45.94,1260.99,No
CUST00215,Female,0,67,No,No,36.32,2469.69,No
CUST00216,Male,0,9,Yes,Fiber optic,61.84,582.73,Yes
CUST00217,Male,0,39,No,No,82.21,3153.13,No
CUST00218,Female,0,32,No,Fiber optic,48.13,1444.91,No
CUST00219,Male,1,7,Yes,DSL,87.14,635.69,Yes
CUST00220,Female,1,61,Yes,DSL,20.01,,No
CUST00221,Female,0,45,Yes,DSL,71.87,3532.12,No
CUST00222,Female,1,4,No,Fiber optic,71.88,320.15,No
CUST00223,Female,0,7,Yes,Fiber optic,74.42,567.29,No
CUST00224,Male,0,20,No,DSL,36.45,584.23,No
CUST00225,Male,0,58,Yes,DSL,25.83,1352.67,No
CUST00226,Female,1,8,No,Fiber optic,83.05,723.43,No
CUST00227,Female,1,0,No,No,68.21,,No
CUST00228,Female,0,2,No,Fiber optic,99.85,,Yes
CUST00229,Male,0,63,Yes,DSL,33.49,2716.07,No
CUST00230,Male,0,45,No,Fiber optic,78.08,3443.02,Yes
CUST00231,Male,0,28,No,DSL,74.41,1887.16,No
CUST00232,Female,1,58,Yes,DSL,34.93,1467.43,No
CUST00233,Male,1,68,Yes,DSL,77.6,5088.72,No
CUST00234,Female,0,0,No,No,104.86,,No
CUST00235,Male,0,55,Yes,DSL,46.37,2953.49,No
CUST00236,Female,1,66,No,Fiber optic,37.49,2591.93,No
CUST00237,Female,0,4,Yes,DSL,104.87,444.44,Yes
CUST00238,Male,0,12,Yes,No,48.87,509.44,No
CUST00239,Male,0,8,No,Fiber optic,72.75,528.85,No
CUST00240,Female,1,7,Yes,Fiber optic,73.64,555.25,Yes
CUST00241,Male,0,36,No,DSL,92.31,3097.08,No
CUST00242,Male,0,4,Yes,DSL,102.65,401.88,No
CUST00243,Female,0,26,Yes,DSL,99.79,2408.83,No
CUST00244,Male,0,20,Yes,Fiber optic,71.38,1512.54,Yes
CUST00245,Male,0,3,Yes,Fiber optic,74.09,222.85,Yes
CUST00246,Male,0,40,No,DSL,73.13,2791.86,No
CUST00247,Male,0,36,No,No,30.43,1343.13,No
CUST00248,Male,0,29,No,DSL,41.09,1300.45,No
CUST00249,Female,0,8,Yes,Fiber optic,101.74,806.54,Yes
CUST00250,Male,0,2,Yes,No,65.3,112.52,No
CUST00251,Male,0,39,No,DSL,46.36,1516.41,No
CUST00252,Female,0,38,No,DSL,87.51,3356.0,No
CUST00253,Female,0,15,No,Fiber optic,50.33,633.04,No
CUST00254,Female,0,62,No,DSL,75.33,4285.55,No
CUST00255,Female,0,65,Yes,No,22.45,1704.46,No
CUST00256,Female,0,69,No,Fiber optic,38.27,3255.22,No
CUST00257,Female,0,1,No,DSL,101.14,93.92,No
CUST00258,Male,0,51,No,No,48.87,2146.5,No
CUST00259,Female,0,61,Yes,DSL,37.49,2460.68,No
CUST00260,Male,0,61,Yes,No,69.37,3829.6,No
CUST00261,Male,0,9,Yes,No,68.26,,No
CUST00262,Female,0,11,Yes,DSL,104.94,1100.39,Yes
CUST00263,Male,1,60,Yes,DSL,41.5,2242.49,No
CUST00264,Female,1,9,No,Fiber optic,101.1,969.24,Yes
CUST00265,Male,1,38,No,DSL,31.13,1256.39,No
CUST00266,Female,0,23,No,Fiber optic,66.19,1738.33,No
CUST00267,Female,0,27,Yes,DSL,97.19,,No
CUST00268,Female,0,6,Yes,DSL,104.18,597.53,Yes
CUST00269,Female,0,71,No,DSL,28.36,2389.57,No
CUST00270,Male,0,32,No,Fiber optic,40.67,1501.12,No
CUST00271,Female,0,12,No,DSL,53.9,605.12,No
CUST00272,Male,0,9,No,Fiber optic,108.97,898.72,Yes
CUST00273,Female,0,1,Yes,DSL,60.77,66.18,No
CUST00274,Female,0,71,Yes,No,68.91,4671.21,No
CUST00275,Female,1,27,Yes,Fiber optic,39.81,811.29,No
CUST00276,Male,1,4,No,No,61.93,227.67,No
CUST00277,Female,0,68,Yes,DSL,95.48,6474.21,No
CUST00278,Female,0,8,No,DSL,97.31,807.37,Yes
CUST00279,Female,0,33,No,Fiber optic,87.04,3051.87,No
CUST00280,Female,1,3,Yes,Fiber optic,106.43,317.34,No
CUST00281,Male,0,56,Yes,DSL,90.06,4969.71,No
CUST00282,Male,0,31,Yes,Fiber optic,39.69,1373.39,No
CUST00283,Female,0,4,Yes,Fiber optic,92.26,345.83,Yes
CUST00284,Female,0,35,Yes,Fiber optic,99.52,3183.22,Yes
CUST00285,Male,0,5,Yes,Fiber optic,61.64,340.66,Yes
CUST00286,Male,0,8,No,DSL,105.09,900.28,No
CUST00287,Male,0,28,Yes,DSL,97.65,2865.74,No
CUST00288,Female,1,10,Yes,DSL,95.13,986.25,No
CUST00289,Female,0,46,No,DSL,51.8,,No
CUST00290,Male,0,1,No,Fiber optic,83.31,76.65,Yes
CUST00291,Female,0,37,No,No,46.93,1476.34,No
CUST00292,Female,0,11,Yes,No,96.48,1164.86,No
CUST00293,Male,0,11,Yes,DSL,95.95,1059.11,Yes
CUST00294,Female,0,57,No,No,51.26,3206.94,No
CUST00295,Female,1,1,Yes,Fiber optic,64.76,58.75,Yes
CUST00296,Female,0,10,No,DSL,102.95,947.24,Yes
CUST00297,Male,0,53,No,Fiber optic,55.22,3069.02,Yes
CUST00298,Female,0,2,No,DSL,105.42,203.16,Yes
CUST00299,Female,0,8,Yes,DSL,84.47,672.16,No
CUST00300,Female,0,39,Yes,DSL,57.21,2366.55,No
CUST00301,Female,0,42,Yes,Fiber optic,54.92,2576.7,No
CUST00302,Male,0,15,No,DSL,52.8,795.29,No
CUST00303,Female,0,44,No,DSL,42.71,1524.7,No
CUST00304,Male,1,54,No,Fiber optic,83.82,5023.06,Yes
CUST00305,Female,0,37,No,DSL,91.87,3626.6,No
CUST00306,Female,0,30,Yes,DSL,41.07,1440.23,No
CUST00307,Female,0,1,Yes,Fiber optic,106.84,103.4,Yes
CUST00308,Female,0,3,No,DSL,100.63,322.47,Yes
CUST00309,Male,0,2,No,Fiber optic,68.5,145.24,Yes
CUST00310,Female,1,36,Yes,DSL,55.95,2198.21,No
CUST00311,Male,1,47,No,DSL,81.01,3854.04,No
CUST00312,Male,1,61,No,Fiber optic,23.72,1146.26,Yes
CUST00313,Female,1,40,Yes,DSL,46.68,2052.88,Yes
CUST00314,Male,0,8,No,Fiber optic,87.71,773.99,Yes
CUST00315,Male,0,10,No,DSL,72.36,664.74,No
CUST00316,Male,0,1,Yes,Fiber optic,75.98,77.49,Yes
CUST00317,Male,0,9,No,Fiber optic,83.71,723.37,Yes
CUST00318,Male,0,36,No,No,61.78,2009.0,No
CUST00319,Male,0,65,Yes,Fiber optic,34.12,2351.88,Yes
CUST00320,Female,0,67,No,DSL,68.49,3977.59,No
CUST00321,Male,0,9,Yes,DSL,70.65,654.04,No
CUST00322,Female,0,11,No,DSL,84.93,955.97,Yes
CUST00323,Male,0,43,No,DSL,47.44,1832.39,No
CUST00324,Male,0,66,Yes,DSL,91.27,6463.57,No
CUST00325,Female,0,43,Yes,No,64.14,,No
CUST00326,Male,0,54,Yes,No,32.88,1803.01,No
CUST00327,Male,0,62,No,Fiber optic,72.04,,No
CUST00328,Male,0,55,Yes,No,28.9,1500.53,No
CUST00329,Female,0,37,No,No,86.05,3254.82,No
CUST00330,Male,0,48,Yes,No,94.09,4629.63,No
CUST00331,Male,0,1,Yes,No,109.69,110.99,No
CUST00332,Female,0,63,Yes,Fiber optic,22.86,1227.81,No
CUST00333,Female,0,7,Yes,Fiber optic,102.66,694.71,Yes
CUST00334,Female,0,11,Yes,No,87.91,1054.25,Yes
CUST00335,Female,0,4,No,Fiber optic,92.05,367.59,Yes
CUST00336,Female,0,12,No,DSL,61.69,735.32,No
CUST00337,Female,0,8,No,Fiber optic,101.32,877.1,Yes
CUST00338,Male,0,62,No,DSL,47.14,3413.96,No
CUST00339,Male,1,25,Yes,Fiber optic,32.67,795.74,No
CUST00340,Female,0,20,Yes,DSL,68.14,1325.3,No
CUST00341,Male,1,6,Yes,Fiber optic,68.4,397.66,No
CUST00342,Female,0,65,No,No,26.14,2195.85,No
CUST00343,Female,0,48,No,Fiber optic,75.06,3317.72,Yes
CUST00344,Female,1,17,Yes,DSL,82.45,1364.92,No
CUST00345,Female,0,62,No,DSL,31.88,2557.73,No
CUST00346,Female,0,56,No,DSL,54.65,2766.26,No
CUST00347,Male,0,3,Yes,DSL,93.95,294.52,Yes
CUST00348,Male,0,3,No,Fiber optic,95.1,277.02,Yes
CUST00349,Female,0,12,Yes,DSL,89.89,1016.57,No
CUST00350,Female,0,60,No,No,63.43,3648.52,No
CUST00351,Male,0,35,Yes,Fiber optic,47.17,,Yes
CUST00352,Female,1,5,Yes,Fiber optic,78.22,435.68,Yes
CUST00353,Male,0,62,Yes,DSL,20.83,836.58,No
CUST00354,Female,1,2,No,No,90.41,162.82,Yes
CUST00355,Male,0,10,Yes,Fiber optic,83.39,824.4,Yes
CUST00356,Female,0,7,Yes,No,107.82,718.94,No
CUST00357,Male,0,30,Yes,Fiber optic,43.28,1294.0,Yes
CUST00358,Male,0,63,Yes,DSL,51.13,3522.81,No
CUST00359,Male,0,52,Yes,No,22.6,1180.11,No
CUST00360,Male,0,43,No,Fiber optic,90.98,4280.66,No
CUST00361,Male,0,14,Yes,No,93.79,1280.84,No
CUST00362,Male,0,52,No,No,20.66,1096.14,No
CUST00363,Female,0,11,Yes,Fiber optic,105.59,1101.52,No
CUST00364,Female,0,4,No,Fiber optic,77.76,297.95,No
CUST00365,Female,0,34,No,No,59.27,1982.32,No
CUST00366,Female,0,52,No,DSL,39.06,2032.16,No
CUST00367,Female,0,1,Yes,DSL,73.5,82.92,Yes
CUST00368,Female,0,43,Yes,DSL,85.23,3588.57,No
CUST00369,Female,0,1,Yes,DSL,72.15,,Yes
CUST00370,Female,0,52,No,Fiber optic,27.98,1085.91,No
CUST00371,Female,0,38,Yes,DSL,32.52,1143.74,No
CUST00372,Male,0,52,Yes,Fiber optic,77.82,,Yes
CUST00373,Female,0,7,No,DSL,74.63,513.36,No
CUST00374,Female,0,8,Yes,DSL,94.59,782.39,Yes
CUST00375,Male,0,70,No,Fiber optic,33.34,1733.26,No
CUST00376,Male,1,0,No,DSL,78.34,,Yes
CUST00377,Male,0,38,Yes,No,74.02,3021.5,No
CUST00378,Female,1,36,Yes,No,75.08,2838.25,Yes
CUST00379,Male,1,0,No,DSL,84.94,,Yes
CUST00380,Female,0,30,Yes,No,24.41,677.51,No
CUST00381,Female,0,10,Yes,DSL,95.28,886.69,Yes
CUST00382,Female,0,11,Yes,No,96.71,1016.85,Yes
CUST00383,Female,1,24,Yes,No,52.94,1045.87,No
CUST00384,Female,0,58,Yes,Fiber optic,93.27,5976.88,Yes
CUST00385,Female,0,23,Yes,Fiber optic,61.12,1611.84,No
CUST00386,Male,0,9,Yes,DSL,72.68,623.73,Yes
CUST00387,Male,0,20,No,DSL,56.08,1230.67,No
CUST00388,Male,0,68,No,Fiber optic,85.37,5553.21,Yes
CUST00389,Male,0,15,Yes,DSL,86.98,1290.84,No
CUST00390,Female,0,46,Yes,DSL,31.56,1597.76,No
CUST00391,Female,1,28,Yes,DSL,67.26,1857.33,No
CUST00392,Female,0,13,No,DSL,86.94,1117.01,No
CUST00393,Male,1,63,No,DSL,77.19,5091.92,No
CUST00394,Female,0,12,No,DSL,94.38,1124.75,No
CUST00395,Female,1,38,Yes,DSL,85.31,3388.56,No
CUST00396,Female,1,55,Yes,DSL,30.43,,No
CUST00397,Male,1,7,No,No,60.55,376.59,No
CUST00398,Male,1,7,No,Fiber optic,103.77,676.21,Yes
CUST00399,Male,0,44,No,DSL,47.98,2374.1,No
CUST00400,Male,0,30,No,Fiber optic,37.28,960.21,Yes
CUST00401,Male,1,43,Yes,DSL,71.73,2931.04,No
CUST00402,Male,0,30,Yes,Fiber optic,52.02,1557.51,No
CUST00403,Male,0,29,Yes,DSL,55.43,1346.35,No
CUST00404,Female,0,35,Yes,No,59.91,2235.65,No
CUST00405,Female,0,3,Yes,DSL,101.43,319.13,No
CUST00406,Female,0,47,Yes,Fiber optic,87.23,3662.64,Yes
CUST00407,Female,0,6,Yes,Fiber optic,84.38,559.76,No
CUST00408,Female,0,1,Yes,No,66.43,74.21,No
CUST00409,Female,0,2,Yes,Fiber optic,70.84,,No
CUST00410,Female,0,38,No,Fiber optic,78.4,3295.83,No
CUST00411,Female,0,34,No,No,36.1,973.03,No
CUST00412,Female,0,48,Yes,Fiber optic,42.77,2457.88,No
CUST00413,Male,1,41,Yes,DSL,64.23,2484.31,Yes
CUST00414,Male,0,69,Yes,DSL,57.11,3488.85,No
CUST00415,Female,0,25,Yes,Fiber optic,27.62,618.2,Yes
CUST00416,Female,0,6,Yes,Fiber optic,96.68,587.88,Yes
CUST00417,Female,0,4,Yes,No,89.28,385.93,Yes
CUST00418,Male,0,50,Yes,Fiber optic,79.44,4470.73,No
CUST00419,Male,0,5,Yes,DSL,99.67,472.07,Yes
CUST00420,Male,0,0,No,Fiber optic,77.89,,No
CUST00421,Male,0,10,Yes,No,86.91,,Yes
CUST00422,Male,0,70,No,DSL,54.53,4446.03,No
CUST00423,Male,1,14,No,No,59.29,966.25,No
CUST00424,Male,0,20,No,Fiber optic,57.57,1329.67,No
CUST00425,Male,1,24,No,Fiber optic,64.75,1449.61,No
CUST00426,Male,0,17,Yes,Fiber optic,72.98,1151.77,No
CUST00427,Female,0,3,No,Fiber optic,105.76,317.83,No
CUST00428,Female,0,11,Yes,DSL,71.96,709.17,No
CUST00429,Female,0,28,No,DSL,82.04,2181.45,No
CUST00430,Male,0,24,Yes,DSL,71.38,1576.89,No
CUST00431,Female,1,8,Yes,Fiber optic,82.41,731.81,No
CUST00432,Male,0,45,No,Fiber optic,70.42,2835.88,No
CUST00433,Female,0,22,No,DSL,81.52,2012.86,No
CUST00434,Male,0,7,No,DSL,95.64,724.9,No
CUST00435,Male,0,67,Yes,DSL,87.78,5566.28,No
CUST00436,Male,1,45,Yes,No,96.35,4403.79,No
CUST00437,Male,1,8,Yes,Fiber optic,98.23,787.41,Yes
CUST00438,Male,0,39,Yes,Fiber optic,57.96,1943.96,No
CUST00439,Male,0,15,No,No,72.57,973.09,No
CUST00440,Male,0,1,No,Fiber optic,94.87,98.34,Yes
CUST00441,Male,0,29,Yes,DSL,62.86,1910.64,No
CUST00442,Male,1,27,No,No,28.31,926.99,No
CUST00443,Female,0,46,No,No,46.53,1725.88,No
CUST00444,Male,0,5,No,DSL,74.09,420.44,No
CUST00445,Female,0,0,Yes,No,109.86,,No
CUST00446,Male,0,7,Yes,Fiber optic,73.28,452.88,Yes
CUST00447,Female,0,0,No,DSL,102.2,,No
CUST00448,Male,1,13,No,No,80.78,954.9,No
CUST00449,Female,0,2,Yes,Fiber optic,94.43,203.72,No
CUST00450,Female,0,31,No,No,94.03,2623.02,No
CUST00451,Male,0,2,No,Fiber optic,66.64,138.1,Yes
CUST00452,Male,0,22,Yes,DSL,69.43,1731.17,No
CUST00453,Male,0,71,Yes,No,96.39,7335.84,No
CUST00454,Male,0,10,Yes,Fiber optic,86.48,777.08,Yes
CUST00455,Male,1,43,Yes,DSL,93.22,3969.5,No
CUST00456,Male,0,16,No,Fiber optic,21.75,333.09,No
CUST00457,Male,1,3,Yes,Fiber optic,109.74,338.19,No
CUST00458,Female,0,35,No,DSL,81.89,2572.31,No
CUST00459,Male,0,48,No,Fiber optic,99.67,4544.99,Yes
CUST00460,Male,0,12,Yes,Fiber optic,69.47,735.8,No
CUST00461,Female,0,66,No,DSL,67.13,4992.15,No
CUST00462,Female,0,43,Yes,Fiber optic,24.97,918.78,Yes
CUST00463,Female,1,3,Yes,DSL,69.88,230.91,No
CUST00464,Female,0,2,Yes,No,89.34,,Yes
CUST00465,Male,0,59,Yes,DSL,56.34,3445.14,No
CUST00466,Female,0,46,Yes,No,62.82,2520.19,No
CUST00467,Female,1,39,Yes,DSL,36.24,1790.72,No
CUST00468,Male,0,4,No,No,62.62,253.57,No
CUST00469,Male,0,30,No,Fiber optic,34.08,1108.83,No
CUST00470,Male,0,4,No,Fiber optic,60.96,242.93,No
CUST00471,Female,0,1,No,Fiber optic,69.69,66.64,No
CUST00472,Male,1,10,Yes,No,64.31,,No
CUST00473,Female,1,69,No,DSL,23.43,2076.01,Yes
CUST00474,Male,0,27,Yes,DSL,32.02,982.45,No
CUST00475,Male,0,47,Yes,No,49.0,2558.56,No
CUST00476,Female,0,13,Yes,DSL,92.32,,No
CUST00477,Male,1,18,No,No,50.93,845.81,No
CUST00478,Male,0,1,Yes,Fiber optic,94.65,104.29,No
CUST00479,Male,1,7,Yes,No,60.93,483.26,No
CUST00480,Female,0,52,Yes,No,30.75,1190.08,No
CUST00481,Male,0,33,No,Fiber optic,80.59,,No
CUST00482,Female,0,27,No,Fiber optic,28.24,655.36,No
CUST00483,Male,0,8,No,Fiber optic,103.62,854.04,No
CUST00484,Male,0,21,Yes,DSL,77.05,1776.5,No
CUST00485,Female,0,5,Yes,No,82.97,375.37,No
CUST00486,Female,0,18,Yes,Fiber optic,87.75,1506.3,No
CUST00487,Female,0,53,No,Fiber optic,38.4,1774.54,Yes
CUST00488,Male,0,27,No,DSL,23.45,620.6,No
CUST00489,Male,0,13,Yes,Fiber optic,60.45,708.14,Yes
CUST00490,Male,1,22,No,DSL,56.81,1238.39,No
CUST00491,Male,0,67,Yes,Fiber optic,31.1,2222.31,No
CUST00492,Female,0,13,No,No,34.57,551.85,No
CUST00493,Male,0,10,Yes,Fiber optic,100.29,960.1,Yes
CUST00494,Female,0,3,Yes,Fiber optic,98.11,297.83,Yes
CUST00495,Female,0,2,Yes,DSL,83.04,168.98,No
CUST00496,Male,0,3,No,Fiber optic,96.08,312.04,Yes
CUST00497,Male,0,4,No,Fiber optic,72.53,259.87,No
CUST00498,Female,0,58,No,No,58.98,3250.93,No
CUST00499,Female,0,63,Yes,DSL,50.4,3400.36,No
CUST00500,Female,0,3,Yes,No,91.1,261.46,No
CUST00501,Male,0,68,No,Fiber optic,55.11,4011.63,Yes
CUST00502,Male,0,57,No,Fiber optic,66.37,4022.95,Yes
CUST00503,Female,1,11,Yes,No,87.74,1044.88,Yes
CUST00504,Female,0,1,No,Fiber optic,73.23,77.83,No
CUST00505,Male,0,1,Yes,No,78.84,87.51,No
CUST00506,Female,0,31,No,Fiber optic,28.07,661.44,No
CUST00507,Male,0,27,No,Fiber optic,67.83,2048.97,No
CUST00508,Male,1,17,No,Fiber optic,94.74,1767.46,No
CUST00509,Male,0,71,Yes,DSL,45.2,,No
CUST00510,Female,0,22,Yes,DSL,95.73,2014.74,No
CUST00511,Male,0,68,Yes,DSL,61.84,4201.37,No
CUST00512,Female,1,25,Yes,Fiber optic,50.59,1015.7,Yes
CUST00513,Female,0,36,Yes,DSL,92.74,3399.66,No
CUST00514,Male,0,59,Yes,DSL,26.92,1911.48,No
CUST00515,Male,0,41,No,Fiber optic,74.85,,No
CUST00516,Male,0,12,Yes,No,74.03,925.93,No
CUST00517,Female,0,62,Yes,Fiber optic,29.22,1284.27,No
CUST00518,Male,0,26,No,No,24.25,822.8,No
CUST00519,Male,0,57,No,Fiber optic,73.86,4720.68,No
CUST00520,Male,0,1,No,DSL,62.57,63.86,No
CUST00521,Male,0,23,No,Fiber optic,20.96,598.58,Yes
CUST00522,Male,0,4,Yes,Fiber optic,106.46,455.59,Yes
CUST00523,Female,1,12,No,No,56.59,756.01,No
CUST00524,Female,0,37,Yes,No,59.59,1870.21,No
CUST00525,Male,0,7,No,Fiber optic,68.46,474.32,Yes
CUST00526,Male,0,24,No,DSL,59.58,1311.44,No
CUST00527,Female,0,5,No,DSL,71.44,327.48,No
CUST00528,Female,0,3,No,No,91.89,303.1,No
CUST00529,Male,0,1,No,Fiber optic,92.73,96.94,Yes
CUST00530,Female,1,26,No,Fiber optic,71.47,1657.07,Yes
CUST00531,Female,0,26,Yes,Fiber optic,30.16,981.88,No
CUST00532,Female,1,67,Yes,DSL,87.99,5929.92,No
CUST00533,Female,0,2,No,DSL,93.88,174.74,No
CUST00534,Male,0,65,Yes,Fiber optic,74.32,4409.97,No
CUST00535,Female,0,5,No,Fiber optic,76.04,348.84,Yes
CUST00536,Female,0,4,No,DSL,71.95,301.31,Yes
CUST00537,Male,0,7,Yes,DSL,78.76,482.55,Yes
CUST00538,Male,1,68,Yes,DSL,62.44,4893.62,No
CUST00539,Male,0,43,No,DSL,28.85,1562.08,No
CUST00540,Female,0,67,No,Fiber optic,74.12,4790.44,Yes
CUST00541,Male,0,39,Yes,Fiber optic,91.26,3497.87,No
CUST00542,Female,0,2,Yes,Fiber optic,88.57,157.55,No
CUST00543,Female,0,8,No,Fiber optic,80.35,578.33,Yes
CUST00544,Female,0,50,Yes,Fiber optic,29.62,1630.14,Yes
CUST00545,Male,0,32,Yes,DSL,23.1,802.49,No
CUST00546,Female,0,5,Yes,DSL,98.62,488.03,Yes
CUST00547,Female,0,31,No,Fiber optic,97.75,2905.53,Yes
CUST00548,Female,0,66,Yes,DSL,97.83,6880.25,No
CUST00549,Male,0,2,No,DSL,82.78,146.55,Yes
CUST00550,Female,0,8,Yes,Fiber optic,108.41,871.21,No
CUST00551,Male,0,7,Yes,DSL,78.57,548.11,No
CUST00552,Male,0,4,No,DSL,87.06,369.39,Yes
CUST00553,Female,0,5,No,Fiber optic,98.59,535.1,Yes
CUST00554,Female,0,65,No,Fiber optic,20.55,1020.05,No
CUST00555,Male,0,23,Yes,DSL,26.82,423.76,No
CUST00556,Male,0,60,Yes,DSL,58.18,3511.45,No
CUST00557,Female,0,13,Yes,No,71.43,947.1,No
CUST00558,Male,0,10,No,DSL,65.16,731.65,No
CUST00559,Male,0,10,Yes,DSL,86.28,909.71,Yes
CUST00560,Female,0,66,Yes,Fiber optic,49.97,,No
CUST00561,Female,1,3,Yes,DSL,73.08,224.61,No
CUST00562,Male,0,23,Yes,DSL,71.34,,No
CUST00563,Female,0,66,No,Fiber optic,25.64,2141.58,No
CUST00564,Female,1,64,Yes,No,31.41,2215.01,No
CUST00565,Male,0,4,No,DSL,84.32,364.15,No
CUST00566,Female,0,7,Yes,No,75.24,528.01,Yes
CUST00567,Female,0,41,No,Fiber optic,91.9,3631.36,No
CUST00568,Male,0,0,Yes,DSL,64.34,,No
CUST00569,Male,0,53,No,DSL,36.4,2237.18,No
CUST00570,Female,1,61,No,DSL,21.73,1024.67,Yes
CUST00571,Male,0,19,No,DSL,21.48,492.65,No
CUST00572,Female,0,24,Yes,DSL,65.24,1546.92,No
CUST00573,Female,0,24,Yes,Fiber optic,84.83,1995.29,No
CUST00574,Female,0,3,No,DSL,62.46,201.64,No
CUST00575,Female,0,3,Yes,DSL,93.51,285.04,Yes
CUST00576,Male,0,49,Yes,Fiber optic,21.14,970.43,Yes
CUST00577,Male,0,58,Yes,DSL,33.67,2395.24,No
CUST00578,Male,0,2,Yes,DSL,97.97,215.56,No
CUST00579,Female,0,5,No,DSL,86.71,400.11,Yes
CUST00580,Female,0,17,No,No,26.0,401.51,No
CUST00581,Female,0,15,Yes,No,21.84,430.73,No
CUST00582,Female,1,3,No,DSL,65.43,192.55,Yes
CUST00583,Female,0,32,No,No,55.09,1712.79,No
CUST00584,Female,0,62,No,DSL,47.61,2879.12,No
CUST00585,Male,0,54,No,No,80.48,4265.7,No
CUST00586,Female,0,33,No,Fiber optic,36.31,1334.82,Yes
CUST00587,Female,0,13,No,No,59.13,757.54,No
CUST00588,Female,0,4,No,Fiber optic,67.89,263.91,No
CUST00589,Female,0,58,No,DSL,84.42,5041.65,No
CUST00590,Female,0,7,No,No,106.02,754.89,No
CUST00591,Female,0,29,Yes,DSL,36.67,1239.06,No
CUST00592,Male,0,58,No,Fiber optic,29.5,1979.25,No
CUST00593,Male,0,15,No,Fiber optic,53.03,824.07,No
CUST00594,Male,0,40,Yes,Fiber optic,36.19,1550.15,No
CUST00595,Female,0,36,Yes,DSL,78.34,3077.59,No
CUST00596,Male,0,53,No,Fiber optic,52.79,2602.23,No
CUST00597,Male,0,10,No,No,104.55,1133.28,Yes
CUST00598,Female,0,50,Yes,DSL,37.09,1909.59,No
CUST00599,Female,0,34,Yes,Fiber optic,29.58,743.14,No
CUST00600,Female,0,14,No,DSL,43.7,675.84,No
CUST00601,Female,0,11,No,Fiber optic,79.71,802.39,Yes
CUST00602,Female,0,40,No,DSL,97.11,4132.69,No
CUST00603,Male,0,38,Yes,DSL,47.57,1956.13,No
CUST00604,Female,0,12,Yes,No,67.3,861.36,No
CUST00605,Female,0,0,Yes,DSL,105.62,,Yes
CUST00606,Male,0,23,No,DSL,79.76,1669.18,No
CUST00607,Female,0,58,No,Fiber optic,24.74,1466.34,Yes
CUST00608,Male,0,44,No,DSL,53.76,2505.05,No
CUST00609,Female,0,39,No,DSL,92.11,3742.53,No
CUST00610,Female,0,62,No,DSL,77.44,5204.46,No
CUST00611,Male,0,69,No,Fiber optic,59.72,3725.53,Yes
CUST00612,Male,0,60,Yes,No,72.71,4823.07,No
CUST00613,Female,0,38,Yes,DSL,23.0,546.76,No
CUST00614,Male,1,37,Yes,Fiber optic,68.24,2627.75,No
CUST00615,Female,0,4,Yes,Fiber optic,105.85,406.67,No
CUST00616,Female,0,0,Yes,No,85.99,,Yes
CUST00617,Male,1,70,No,Fiber optic,80.59,5654.32,No
CUST00618,Female,0,63,No,Fiber optic,26.0,1351.23,No
CUST00619,Female,1,36,Yes,DSL,86.16,2971.81,No
CUST00620,Male,0,12,No,DSL,34.03,412.18,No
CUST00621,Female,0,4,No,Fiber optic,87.1,348.99,Yes
CUST00622,Male,0,12,No,Fiber optic,25.01,,No
CUST00623,Male,0,28,Yes,Fiber optic,48.79,1360.7,Yes
CUST00624,Male,0,43,No,Fiber optic,28.07,1412.5,No
CUST00625,Female,0,7,Yes,DSL,101.02,652.75,No
CUST00626,Female,0,71,No,Fiber optic,41.88,3064.45,No
CUST00627,Male,0,57,No,DSL,42.18,2467.09,No
CUST00628,Male,0,12,Yes,No,46.39,564.83,No
CUST00629,Female,0,12,No,No,54.22,766.36,No
CUST00630,Female,0,35,Yes,DSL,37.41,1422.36,No
CUST00631,Female,0,35,No,DSL,95.38,3001.68,No
CUST00632,Female,0,24,No,Fiber optic,53.74,1391.08,No
CUST00633,Female,0,46,No,No,33.79,1750.21,No
CUST00634,Female,0,3,Yes,Fiber optic,74.98,244.26,No
CUST00635,Female,1,12,No,Fiber optic,25.24,240.96,No
CUST00636,Female,0,47,No,DSL,34.65,1878.73,No
CUST00637,Male,0,4,No,Fiber optic,62.79,247.89,No
CUST00638,Female,0,33,No,Fiber optic,74.67,2345.58,No
CUST00639,Female,0,35,No,Fiber optic,33.22,974.33,No
CUST00640,Female,0,23,Yes,Fiber optic,57.72,1150.0,Yes
CUST00641,Female,0,8,Yes,Fiber optic,83.67,703.1,No
CUST00642,Female,0,12,No,DSL,69.89,800.11,No
CUST00643,Female,0,71,No,DSL,89.65,5891.61,No
CUST00644,Female,0,5,No,No,60.51,328.47,No
CUST00645,Female,0,65,Yes,DSL,59.87,3416.27,No
CUST00646,Female,0,7,No,DSL,75.81,469.22,Yes
CUST00647,Female,0,60,No,Fiber optic,64.49,4304.38,No
CUST00648,Female,0,16,No,DSL,94.55,1646.32,No
CUST00649,Female,1,62,No,No,88.17,5514.62,No
CUST00650,Male,0,41,Yes,Fiber optic,89.54,3798.22,No
CUST00651,Male,0,38,Yes,Fiber optic,31.1,1191.4,No
CUST00652,Male,1,6,Yes,Fiber optic,75.68,499.38,Yes
CUST00653,Female,0,45,Yes,Fiber optic,91.58,4492.88,No
CUST00654,Female,0,21,Yes,DSL,85.22,1696.23,No
CUST00655,Female,0,31,No,Fiber optic,71.16,2096.67,No
CUST00656,Female,0,9,No,DSL,92.81,839.52,Yes
CUST00657,Female,0,23,No,Fiber optic,80.76,1932.95,No
CUST00658,Male,1,7,Yes,DSL,67.14,433.76,Yes
CUST00659,Female,0,4,No,DSL,105.87,432.4,No
CUST00660,Male,0,61,Yes,No,45.1,2749.41,No
CUST00661,Male,1,7,Yes,DSL,95.43,624.95,No
CUST00662,Female,0,0,No,Fiber optic,83.4,,No
CUST00663,Female,1,45,No,No,52.91,2063.57,No
CUST00664,Male,0,3,Yes,No,91.1,302.32,No
CUST00665,Female,0,49,Yes,Fiber optic,74.79,3419.8,Yes
CUST00666,Female,0,34,No,No,68.93,2489.2,No
CUST00667,Male,0,28,Yes,No,42.84,1477.68,No
CUST00668,Male,0,2,No,DSL,62.48,121.1,No
CUST00669,Male,0,35,Yes,DSL,97.05,3106.7,No
CUST00670,Male,0,14,No,DSL,57.43,739.41,No
CUST00671,Female,0,7,No,No,63.3,401.83,No
CUST00672,Female,0,0,No,Fiber optic,62.26,,No
CUST00673,Female,0,2,Yes,No,75.19,,Yes
CUST00674,Female,0,63,Yes,Fiber optic,98.95,6116.22,No
CUST00675,Male,1,14,No,DSL,30.45,420.04,No
CUST00676,Female,0,64,No,DSL,88.47,5050.42,No
CUST00677,Male,0,0,No,No,64.99,,No
CUST00678,Female,1,40,Yes,No,69.17,2480.43,No
CUST00679,Female,1,19,Yes,No,48.11,782.63,Yes
CUST00680,Male,0,53,Yes,Fiber optic,38.99,1793.21,Yes
CUST00681,Male,0,59,Yes,DSL,36.68,2048.45,No
CUST00682,Female,0,3,No,Fiber optic,92.14,291.16,Yes
CUST00683,Male,0,38,No,Fiber optic,70.7,2494.36,Yes
CUST00684,Male,0,49,Yes,Fiber optic,85.43,4287.07,No
CUST00685,Male,0,20,No,No,69.24,1265.32,No
CUST00686,Female,1,12,No,Fiber optic,26.27,324.78,No
CUST00687,Male,0,7,No,DSL,82.69,590.53,Yes
CUST00688,Female,1,5,No,DSL,65.7,352.64,Yes
CUST00689,Female,0,11,Yes,Fiber optic,61.95,,No
CUST00690,Female,0,8,Yes,DSL,94.28,737.14,No
CUST00691,Male,0,30,No,Fiber optic,45.22,1303.13,No
CUST00692,Female,0,66,Yes,No,24.75,1551.15,No
CUST00693,Male,0,40,No,No,22.74,1269.92,No
CUST00694,Female,0,4,Yes,DSL,74.03,322.99,Yes
CUST00695,Male,0,12,No,Fiber optic,55.15,748.08,No
CUST00696,Male,1,4,No,DSL,69.52,239.53,Yes
CUST00697,Female,0,37,Yes,Fiber optic,77.08,2527.95,No
CUST00698,Male,0,2,No,DSL,72.69,135.69,Yes
CUST00699,Male,0,50,No,DSL,32.08,1895.56,No
CUST00700,Male,0,11,No,Fiber optic,103.5,1049.08,Yes
CUST00701,Female,0,22,Yes,DSL,80.88,1818.5,No
CUST00702,Male,0,0,No,Fiber optic,91.12,,Yes
CUST00703,Female,0,5,Yes,No,94.97,517.48,No
CUST00704,Male,0,0,No,No,107.04,,Yes
CUST00705,Male,0,65,No,DSL,77.64,4835.66,No
CUST00706,Male,0,31,Yes,Fiber optic,29.5,,No
CUST00707,Female,0,2,No,DSL,86.88,166.25,Yes
CUST00708,Female,0,6,No,Fiber optic,95.51,575.7,No
CUST00709,Female,0,47,Yes,Fiber optic,38.09,2065.35,Yes
CUST00710,Female,0,48,Yes,No,44.12,2571.2,No
CUST00711,Female,1,19,No,Fiber optic,62.2,1156.84,No
CUST00712,Male,0,29,Yes,Fiber optic,39.32,1327.43,No
CUST00713,Male,0,29,No,Fiber optic,79.59,2066.25,Yes
CUST00714,Male,0,72,Yes,DSL,23.15,1495.62,No
CUST00715,Male,0,17,Yes,No,21.9,279.61,No
CUST00716,Male,0,56,No,No,21.23,1664.43,No
CUST00717,Male,0,69,Yes,DSL,95.16,6446.54,No
CUST00718,Male,0,9,Yes,DSL,77.34,606.34,Yes
CUST00719,Female,0,0,No,Fiber optic,63.6,,No
CUST00720,Male,0,47,No,DSL,28.11,1618.52,No
CUST00721,Female,0,3,Yes,Fiber optic,75.82,200.43,No
CUST00722,Female,0,18,Yes,Fiber optic,37.35,707.36,No
CUST00723,Male,0,11,Yes,DSL,76.24,934.42,Yes
CUST00724,Female,0,12,Yes,DSL,29.9,372.07,No
CUST00725,Female,0,47,No,Fiber optic,33.09,1459.33,No
CUST00726,Female,0,31,Yes,Fiber optic,36.23,1090.51,No
CUST00727,Male,0,1,No,Fiber optic,73.14,69.94,No
CUST00728,Female,0,71,Yes,DSL,52.78,4257.11,No
CUST00729,Male,0,70,Yes,DSL,43.15,2572.23,No
CUST00730,Female,0,47,No,Fiber optic,86.21,4263.19,No
CUST00731,Male,1,15,No,DSL,99.92,,Yes
CUST00732,Female,0,3,Yes,Fiber optic,92.38,271.46,Yes
CUST00733,Female,0,68,Yes,Fiber optic,32.58,1751.74,Yes
CUST00734,Male,0,20,Yes,DSL,25.0,485.86,No
CUST00735,Female,0,66,Yes,Fiber optic,21.99,1394.37,No
CUST00736,Male,0,45,Yes,Fiber optic,47.15,2055.47,No
CUST00737,Female,0,55,No,No,40.51,1733.73,No
CUST00738,Female,1,4,Yes,Fiber optic,99.72,414.81,Yes
CUST00739,Male,0,42,No,DSL,81.43,3423.12,No
CUST00740,Male,1,7,No,DSL,63.4,487.31,No
CUST00741,Female,0,6,No,Fiber optic,73.29,409.54,Yes
CUST00742,Male,0,2,Yes,DSL,85.97,167.17,No
CUST00743,Male,0,12,Yes,No,44.46,,No
CUST00744,Male,0,54,No,DSL,29.36,1448.05,No
CUST00745,Female,0,7,No,DSL,100.15,688.81,No
CUST00746,Male,0,15,No,DSL,92.92,1265.37,No
CUST00747,Male,0,66,No,Fiber optic,30.3,1665.95,No
CUST00748,Male,1,9,No,Fiber optic,68.88,629.11,Yes
CUST00749,Male,0,5,No,No,106.09,525.09,Yes
CUST00750,Male,0,8,No,Fiber optic,109.02,893.87,No
CUST00751,Female,0,2,No,DSL,84.11,155.12,Yes
CUST00752,Female,0,10,Yes,Fiber optic,63.4,665.26,No
CUST00753,Male,0,1,Yes,Fiber optic,101.9,108.56,Yes
CUST00754,Male,0,30,No,Fiber optic,37.35,1134.84,No
CUST00755,Male,1,28,No,DSL,32.25,857.82,No
CUST00756,Male,0,47,Yes,DSL,39.04,2155.25,No
CUST00757,Male,1,9,No,DSL,103.66,950.17,No
CUST00758,Female,1,55,Yes,DSL,25.2,1130.15,No
CUST00759,Female,0,11,Yes,Fiber optic,76.07,769.68,Yes
CUST00760,Female,1,11,No,DSL,87.65,903.93,No
CUST00761,Male,0,28,Yes,Fiber optic,39.38,1372.0,No
CUST00762,Female,1,20,Yes,No,38.17,870.77,No
CUST00763,Female,0,42,Yes,Fiber optic,54.16,2133.37,No
CUST00764,Female,1,20,No,Fiber optic,46.36,1070.24,No
CUST00765,Female,0,8,Yes,Fiber optic,98.03,709.19,Yes
CUST00766,Female,0,41,No,DSL,28.16,1253.43,No
CUST00767,Female,0,25,No,No,69.39,1772.75,No
CUST00768,Female,0,16,No,Fiber optic,80.96,1299.07,No
CUST00769,Male,0,13,Yes,DSL,58.87,708.08,No
CUST00770,Female,0,9,No,DSL,84.24,721.81,No
CUST00771,Male,0,18,Yes,Fiber optic,86.45,1472.1,No
CUST00772,Female,0,4,Yes,DSL,82.85,365.81,Yes
CUST00773,Male,0,53,Yes,Fiber optic,29.13,1756.8,Yes
CUST00774,Female,0,4,Yes,DSL,72.25,301.04,No
CUST00775,Female,0,50,Yes,No,54.96,2412.17,No
CUST00776,Male,0,59,Yes,DSL,46.5,2292.09,No
CUST00777,Female,1,7,Yes,No,100.75,670.47,Yes
CUST00778,Female,0,58,No,No,66.2,4288.52,No
CUST00779,Female,0,5,Yes,DSL,93.38,478.5,Yes
CUST00780,Female,0,18,Yes,No,97.85,1689.1,No
CUST00781,Female,0,12,Yes,DSL,38.19,462.97,No
CUST00782,Female,0,23,Yes,No,33.33,624.85,No
CUST00783,Male,0,0,Yes,DSL,95.39,,No
CUST00784,Female,0,57,Yes,Fiber optic,85.3,5333.99,Yes
CUST00785,Male,0,9,Yes,DSL,60.78,631.85,No
CUST00786,Male,0,56,Yes,Fiber optic,77.72,4338.75,No
CUST00787,Female,0,2,No,No,79.08,161.5,Yes
CUST00788,Male,0,15,No,Fiber optic,79.91,1147.7,No
CUST00789,Female,1,52,No,DSL,84.58,4373.1,No
CUST00790,Male,0,6,No,DSL,75.86,504.45,No
CUST00791,Male,0,59,Yes,DSL,24.25,1274.32,No
CUST00792,Female,1,2,Yes,Fiber optic,96.5,212.23,Yes
CUST00793,Male,0,64,No,DSL,67.12,4868.01,No
CUST00794,Male,1,52,No,Fiber optic,66.09,3694.13,No
CUST00795,Female,0,6,No,Fiber optic,84.65,508.77,Yes
CUST00796,Female,0,68,Yes,No,79.87,4990.09,No
CUST00797,Female,1,41,No,DSL,71.6,3077.56,Yes
CUST00798,Male,0,26,No,DSL,52.94,1370.05,No
CUST00799,Female,0,11,No,DSL,61.03,730.72,No
CUST00800,Male,0,19,Yes,Fiber optic,32.85,,No
CUST00801,Female,0,25,Yes,DSL,63.71,1760.95,No
CUST00802,Female,0,66,Yes,Fiber optic,93.85,6062.74,No
CUST00803,Female,0,37,No,DSL,88.94,3297.47,No
CUST00804,Female,0,44,Yes,Fiber optic,46.45,2067.33,Yes
CUST00805,Male,0,2,No,Fiber optic,63.45,138.0,No
CUST00806,Female,0,64,Yes,Fiber optic,66.25,4546.21,No
CUST00807,Female,0,1,Yes,Fiber optic,82.12,88.08,Yes
CUST00808,Male,0,6,No,Fiber optic,63.41,424.59,Yes
CUST00809,Female,1,33,No,No,73.13,2277.03,No
CUST00810,Female,1,2,No,DSL,79.37,148.58,No
CUST00811,Male,0,55,No,DSL,29.2,1381.78,No
CUST00812,Male,0,71,No,Fiber optic,25.34,2138.08,No
CUST00813,Male,0,2,No,No,88.54,195.23,Yes
CUST00814,Female,1,4,No,DSL,108.84,435.0,Yes
CUST00815,Male,0,11,No,Fiber optic,81.8,973.31,No
CUST00816,Male,0,20,No,Fiber optic,29.27,722.34,No
CUST00817,Male,0,48,No,Fiber optic,80.24,3383.74,Yes
CUST00818,Female,1,29,No,Fiber optic,89.01,2487.05,Yes
CUST00819,Female,0,13,No,DSL,62.25,859.62,No
CUST00820,Female,0,0,No,No,71.79,,Yes
CUST00821,Female,0,63,Yes,DSL,21.71,1651.79,No
CUST00822,Male,0,44,Yes,DSL,60.42,2492.69,No
CUST00823,Female,0,54,Yes,Fiber optic,24.71,1572.19,No
CUST00824,Female,0,46,Yes,No,58.89,2444.34,No
CUST00825,Male,0,0,No,No,98.56,,Yes
CUST00826,Female,0,2,Yes,DSL,109.39,204.15,Yes
CUST00827,Male,1,61,No,Fiber optic,65.33,,Yes
CUST00828,Female,1,34,No,DSL,58.14,1705.37,No
CUST00829,Male,0,70,Yes,Fiber optic,86.34,6436.17,No
CUST00830,Female,1,1,No,DSL,83.37,77.6,Yes
CUST00831,Male,0,24,No,Fiber optic,92.23,,No
CUST00832,Male,0,3,Yes,DSL,97.52,296.58,Yes
CUST00833,Female,1,67,No,Fiber optic,77.73,5544.79,No
CUST00834,Female,0,0,No,Fiber optic,92.75,,No
CUST00835,Male,0,44,Yes,DSL,72.74,3071.95,No
CUST00836,Male,1,2,Yes,DSL,68.0,133.87,Yes
CUST00837,Male,0,35,No,No,86.27,3283.66,No
CUST00838,Male,0,8,No,No,88.63,656.42,Yes
CUST00839,Female,1,23,Yes,Fiber optic,78.24,1610.35,No
CUST00840,Male,0,67,No,DSL,20.55,1486.07,No
CUST00841,Female,0,6,No,DSL,103.93,675.64,No
CUST00842,Female,0,54,Yes,No,88.6,5301.25,No
CUST00843,Female,0,5,Yes,No,79.25,363.22,Yes
CUST00844,Female,0,4,No,Fiber optic,70.2,245.33,Yes
CUST00845,Male,1,3,No,No,74.81,196.79,Yes
CUST00846,Female,0,8,No,DSL,106.95,799.78,No
CUST00847,Male,1,55,Yes,DSL,45.88,2174.53,Yes
CUST00848,Female,0,67,No,Fiber optic,68.65,5035.58,Yes
CUST00849,Male,0,48,Yes,Fiber optic,44.42,2458.2,No
CUST00850,Male,1,0,Yes,DSL,72.2,,Yes
CUST00851,Female,0,6,Yes,DSL,83.58,455.68,No
CUST00852,Female,0,55,Yes,No,62.58,3170.49,No
CUST00853,Male,1,42,Yes,Fiber optic,56.47,1991.26,No
CUST00854,Male,0,65,No,DSL,82.05,5768.18,No
CUST00855,Female,0,5,Yes,DSL,78.57,424.47,Yes
CUST00856,Female,0,10,Yes,DSL,65.18,742.66,No
CUST00857,Female,0,7,Yes,Fiber optic,68.47,445.96,No
CUST00858,Female,0,61,No,DSL,44.46,2535.31,No
CUST00859,Male,0,45,No,DSL,47.3,2094.85,No
CUST00860,Female,0,45,No,DSL,74.43,2901.01,No
CUST00861,Female,1,17,No,DSL,59.99,1097.33,No
CUST00862,Female,0,8,Yes,DSL,95.34,806.82,Yes
CUST00863,Male,0,62,Yes,DSL,77.8,4989.69,No
CUST00864,Male,0,12,Yes,DSL,58.39,670.87,No
CUST00865,Male,0,4,Yes,DSL,104.33,440.51,Yes
CUST00866,Female,1,9,No,DSL,67.73,581.56,Yes
CUST00867,Male,0,16,No,Fiber optic,40.35,,No
CUST00868,Female,0,6,No,DSL,62.81,380.18,No
CUST00869,Female,0,58,Yes,DSL,21.06,1206.74,No
CUST00870,Male,0,28,Yes,No,56.86,,No
CUST00871,Female,0,14,No,DSL,47.5,561.61,No
CUST00872,Male,0,57,Yes,Fiber optic,65.87,,No
CUST00873,Female,0,7,No,DSL,78.88,567.35,Yes
CUST00874,Female,0,7,No,Fiber optic,102.43,696.25,No
CUST00875,Male,0,56,No,Fiber optic,23.56,1800.56,No
CUST00876,Male,0,22,Yes,DSL,62.35,1585.87,No
CUST00877,Female,0,59,No,DSL,76.02,4720.9,No
CUST00878,Male,0,49,No,Fiber optic,82.27,3906.35,No
CUST00879,Male,0,4,No,Fiber optic,65.67,243.05,No
CUST00880,Male,1,48,No,No,40.31,2301.6,No
CUST00881,Female,0,63,No,DSL,54.39,3365.77,No
CUST00882,Male,1,9,No,Fiber optic,74.4,689.56,No
CUST00883,Male,1,7,No,Fiber optic,96.78,609.56,Yes
CUST00884,Female,0,6,No,DSL,84.37,555.19,Yes
CUST00885,Male,0,60,Yes,Fiber optic,28.68,1668.69,No
CUST00886,Male,1,9,No,Fiber optic,81.5,666.35,Yes
CUST00887,Male,0,2,No,DSL,85.6,154.38,Yes
CUST00888,Male,0,33,Yes,Fiber optic,38.1,1292.03,No
CUST00889,Female,1,3,Yes,Fiber optic,84.71,233.95,No
CUST00890,Female,1,64,No,No,36.5,2110.74,No
CUST00891,Female,0,53,No,Fiber optic,89.07,4544.89,No
CUST00892,Female,0,11,Yes,DSL,103.41,1112.43,Yes
CUST00893,Female,0,67,No,Fiber optic,92.43,5784.1,No
CUST00894,Female,0,0,Yes,Fiber optic,76.33,,No
CUST00895,Male,0,11,Yes,Fiber optic,92.85,959.67,Yes
CUST00896,Female,0,39,No,DSL,97.92,3825.27,No
CUST00897,Female,0,3,Yes,No,76.92,228.81,Yes
CUST00898,Female,0,1,No,Fiber optic,60.18,66.54,No
CUST00899,Female,0,8,Yes,DSL,104.32,796.31,Yes
CUST00900,Male,0,29,No,DSL,20.71,386.67,No
CUST00901,Female,1,48,Yes,DSL,36.37,1487.79,No
CUST00902,Female,0,5,Yes,No,89.59,496.1,Yes
CUST00903,Female,0,10,Yes,No,63.29,547.44,No
CUST00904,Female,1,11,No,DSL,61.05,618.66,No
CUST00905,Male,1,22,Yes,No,94.47,2214.17,No
CUST00906,Male,0,21,No,Fiber optic,87.41,1725.45,No
CUST00907,Male,0,3,No,Fiber optic,91.91,294.81,No
CUST00908,Male,0,39,Yes,Fiber optic,35.28,1188.32,No
CUST00909,Female,1,43,No,DSL,94.08,4163.77,No
CUST00910,Female,1,27,No,DSL,60.91,1908.68,Yes
CUST00911,Female,0,0,Yes,Fiber optic,83.28,,Yes
CUST00912,Male,0,27,Yes,Fiber optic,60.99,1817.42,No
CUST00913,Female,0,0,No,Fiber optic,71.81,,Yes
CUST00914,Male,0,0,Yes,Fiber optic,104.2,,No
CUST00915,Male,0,0,Yes,Fiber optic,71.15,,Yes
CUST00916,Female,0,3,No,No,100.26,283.37,Yes
CUST00917,Male,1,1,No,Fiber optic,69.15,64.89,Yes
CUST00918,Female,0,9,No,No,76.77,631.18,No
CUST00919,Male,0,29,Yes,Fiber optic,87.57,2676.99,No
CUST00920,Male,1,49,Yes,Fiber optic,77.32,3853.54,No
CUST00921,Female,0,42,No,No,80.06,3439.01,No
CUST00922,Male,0,15,Yes,No,80.04,1076.8,No
CUST00923,Female,1,1,Yes,Fiber optic,70.29,74.88,Yes
CUST00924,Male,0,1,No,No,94.35,96.34,Yes
CUST00925,Male,0,1,No,Fiber optic,88.88,97.71,No
CUST00926,Female,0,18,No,DSL,95.52,1849.09,No
CUST00927,Male,0,20,Yes,DSL,79.05,1431.14,No
CUST00928,Female,0,4,Yes,DSL,87.73,,Yes
CUST00929,Male,0,2,Yes,Fiber optic,89.57,,Yes
CUST00930,Male,0,12,No,DSL,76.98,857.81,No
CUST00931,Male,1,42,Yes,No,98.79,4566.32,Yes
CUST00932,Female,0,9,Yes,Fiber optic,63.78,622.47,No
CUST00933,Male,0,10,No,No,97.61,964.68,No
CUST00934,Female,0,9,No,Fiber optic,67.76,556.43,No
CUST00935,Male,0,8,Yes,No,71.22,,Yes
CUST00936,Male,1,38,No,Fiber optic,60.36,2270.11,No
CUST00937,Male,0,34,Yes,No,64.85,1946.57,No
CUST00938,Female,0,65,Yes,No,73.1,4490.36,No
CUST00939,Male,1,20,Yes,Fiber optic,40.35,793.79,No
CUST00940,Female,0,21,Yes,Fiber optic,29.16,531.82,No
CUST00941,Male,0,16,Yes,No,27.09,377.56,No
CUST00942,Male,0,24,No,Fiber optic,65.37,1488.81,No
CUST00943,Male,0,61,Yes,Fiber optic,54.23,3807.43,No
CUST00944,Female,0,50,Yes,Fiber optic,84.77,4075.06,No
CUST00945,Male,0,1,Yes,Fiber optic,69.75,66.69,No
CUST00946,Female,0,48,Yes,No,81.78,3589.23,No
CUST00947,Male,0,3,No,Fiber optic,74.82,197.59,Yes
CUST00948,Male,1,7,No,DSL,105.28,692.94,No
CUST00949,Female,0,43,Yes,DSL,98.65,3897.81,No
CUST00950,Male,0,10,No,DSL,97.55,1007.58,Yes
CUST00951,Female,1,2,Yes,Fiber optic,83.07,,Yes
CUST00952,Female,0,3,Yes,DSL,90.64,295.56,No
CUST00953,Female,0,12,Yes,DSL,30.54,402.28,No
CUST00954,Male,0,1,Yes,No,96.31,89.63,Yes
CUST00955,Female,0,48,No,DSL,36.54,1382.07,No
CUST00956,Female,0,1,Yes,DSL,76.78,,Yes
CUST00957,Female,0,15,Yes,Fiber optic,26.92,265.25,No
CUST00958,Female,0,9,Yes,DSL,75.81,768.25,Yes
CUST00959,Female,0,47,No,Fiber optic,24.91,737.96,No
CUST00960,Male,0,24,Yes,Fiber optic,53.36,1326.84,Yes
CUST00961,Male,0,14,No,DSL,48.23,675.52,No
CUST00962,Female,1,12,No,No,24.22,183.0,No
CUST00963,Female,1,7,No,Fiber optic,81.07,521.39,No
CUST00964,Female,1,55,Yes,DSL,23.88,1773.59,No
CUST00965,Female,1,49,Yes,No,89.91,,No
CUST00966,Female,0,64,No,Fiber optic,39.48,1928.66,Yes
CUST00967,Female,1,12,No,DSL,42.47,578.08,No
CUST00968,Male,1,44,No,DSL,66.51,2624.49,No
CUST00969,Female,0,7,Yes,Fiber optic,87.07,667.86,Yes
CUST00970,Female,0,52,No,No,63.86,2960.19,No
CUST00971,Male,0,24,No,Fiber optic,33.1,899.64,No
CUST00972,Male,0,8,No,DSL,71.76,552.84,Yes
CUST00973,Female,0,53,No,DSL,80.53,4593.38,No
CUST00974,Female,1,2,Yes,DSL,109.64,231.83,Yes
CUST00975,Female,0,4,No,No,107.27,448.72,Yes
CUST00976,Male,1,4,No,Fiber optic,95.09,387.2,Yes
CUST00977,Male,1,5,Yes,No,104.56,570.59,No
CUST00978,Male,0,58,Yes,DSL,43.68,2397.59,No
CUST00979,Male,0,63,No,No,79.11,4783.73,No
CUST00980,Female,0,69,No,Fiber optic,99.41,6909.83,No
CUST00981,Male,0,20,Yes,Fiber optic,23.37,595.2,Yes
CUST00982,Female,0,51,Yes,Fiber optic,20.53,1061.3,Yes
CUST00983,Female,0,39,Yes,Fiber optic,94.91,3319.48,No
CUST00984,Male,0,28,No,Fiber optic,29.71,614.09,No
CUST00985,Female,0,3,No,DSL,106.72,299.84,Yes
CUST00986,Male,0,12,No,Fiber optic,89.19,,No
CUST00987,Female,1,40,Yes,Fiber optic,34.05,1582.87,Yes
CUST00988,Female,0,53,Yes,Fiber optic,61.29,2823.39,No
CUST00989,Female,1,52,Yes,Fiber optic,43.71,2096.39,No
CUST00990,Male,0,16,Yes,Fiber optic,56.27,973.24,No
CUST00991,Female,0,21,Yes,DSL,57.05,1237.11,No
CUST00992,Male,0,27,No,Fiber optic,54.24,1617.71,No
CUST00993,Female,1,12,Yes,Fiber optic,60.2,717.26,No
CUST00994,Female,0,68,Yes,DSL,71.41,4482.88,No
CUST00995,Female,0,59,Yes,No,27.96,1845.82,No
CUST00996,Female,0,66,No,No,66.71,4113.45,No
CUST00997,Male,1,1,Yes,DSL,78.39,82.2,Yes
CUST00998,Male,0,6,No,DSL,63.54,336.5,No
CUST00999,Male,0,46,No,DSL,23.0,1022.24,No
CUST01000,Female,0,33,Yes,No,32.62,1056.25,No
